is_mobile,cnt,bk,score
0,32587572,2702986,8.42904e+06
1,5082721,297707,1.34626e+06
