is_package,cnt,bk,score
0,28293998,2590505,7.31698e+06
1,9376295,410188,2.83044e+06
